Annual Distance (miles/vehicle),2020.0
LDVs,11523.271151554
HDVs,16472.704872068
aircraft,401577.394276559
rail,0.0
ships,210.579747871
motorbikes,2271.87325925
