Annual Distance (miles/vehicle),2020.0
LDVs,11590.006786385
HDVs,9307.052028121
aircraft,1019501.180073874
rail,28444.0
ships,198.04997063
motorbikes,1970.290944924
