Annual Distance (miles/vehicle),2020.0
LDVs,11436.183742916
HDVs,16573.366669036
aircraft,1137523.11983902
rail,28444.0
ships,209.173767446
motorbikes,2254.177662099
