Annual Distance (miles/vehicle),2020.0
LDVs,10320.764884968
HDVs,33230.273116179
aircraft,1105608.519096682
rail,18383.005185179
ships,51017.850750462
motorbikes,0.0
