Annual Distance (miles/vehicle),2020.0
LDVs,10399.817342034
HDVs,33028.365811837
aircraft,390310.720750916
rail,18271.073911159
ships,50718.106355773
motorbikes,0.0
