Annual Distance (miles/vehicle),2020.0
LDVs,10111.778139623
HDVs,34196.652223178
aircraft,796090.690665218
rail,18244.739951544
ships,47478.040026889
motorbikes,0.0
