Percent energy saving (dimensionless),urban residential,rural residential,commercial
heating,0.5223684961373323,0.5223684961373323,0.4930056547869842
cooling and ventilation,0.5223684961373323,0.5223684961373323,0.4930056547869842
envelope,0.0,0.0,0.0
lighting,0.0,0.0,0.0
appliances,0.0,0.0,0.0
other component,0.0,0.0,0.0
