Pollutant Emissions Intensity (g pollutant/BTU),electricity,coal,natural gas,biomass,petroleum diesel,heat,crude oil,heavy or residual fuel oil,LPG propane or butane,hydrogen,,,
CO2,0.0,0.09467,0.05306,0.0,0.07504000000000001,0.0,0.07454000000000001,0.0751,0.06146,0.0,,,
VOC,0.0,7.629998180383675e-06,1.2620273296407714e-05,5.730054651595068e-07,8.716996311976882e-06,0.0,8.716996311976882e-06,8.716996311976882e-06,2.1172281476225628e-05,0.0,,,
CO,0.0,0.00013703550468348324,0.00012262949654944782,9.08568388675086e-06,0.00010025636320648877,0.0,0.00010025636320648877,0.00010025636320648877,0.0002555639003270899,0.0,,,
NOx,0.0,0.0002217122495386525,0.00014812055436994948,5.982999853340544e-05,0.00012517509051068997,0.0,0.00012517509051068997,0.00012517509051068997,0.00018990983036478167,5.072886297376093e-05,,,
PM10,0.0,0.002147302566583445,0.002078657034170877,1.3367616038966873e-06,0.0020790878971166924,0.0,0.0020790878971166924,0.0020790878971166924,0.002096527101268476,0.0,,,
PM25,0.0,0.0002932132405745132,0.00027821665673310607,1.180608490507694e-06,0.0002784809423674741,0.0,0.0002784809423674741,0.0002784809423674741,0.00029331410845832547,0.0,,,
SOx,0.0,0.0003179373526397912,5.814135154293337e-06,4.05309835809226e-05,1.1489645883377178e-05,0.0,1.1489645883377178e-05,1.1489645883377178e-05,7.766074179362979e-05,0.0,,,
BC,0.0,9.902096937774365e-07,3.993301426478036e-07,1.629239716900618e-07,8.127755532685829e-07,0.0,8.127755532685829e-07,8.127755532685829e-07,1.5618471916170461e-06,0.0,,,
OC,0.0,2.163908304143836e-06,2.555636043901966e-06,3.848783679055083e-07,2.088617943900154e-06,0.0,2.088617943900154e-06,2.088617943900154e-06,7.931318405269226e-06,0.0,,,
CH4,0.0,1.1e-05,1e-06,0.0,3e-06,0.0,3e-06,3e-06,3e-06,0.0,,,
N2O,0.0,1.6000000000000001e-06,1.0000000000000001e-07,0.0,6e-07,0.0,6e-07,6e-07,6e-07,0.0,,,
F gases,0.0,0.0,0.0,0.0,0.0,0.0,0.0,0.0,0.0,0.0,,,
,,,,,,,,,,,,,
,,,,,,,,,,,,,
,,,,,,,,,,,,,
,,,,,,,,,,,,,
,,,,,,,,,,,,,
,,,,,,,,,,,,,
,,,,,,,,,,,,,
,,,,,,,,,,,,,
,,,,,,,,,,,,,
,,,,,,,,,,,,,
