solar pv,Hour0,Hour1,Hour2,Hour3,Hour4,Hour5,Hour6,Hour7,Hour8,Hour9,Hour10,Hour11,Hour12,Hour13,Hour14,Hour15,Hour16,Hour17,Hour18,Hour19,Hour20,Hour21,Hour22,Hour23
Winter,0,0,0,0.0,0.0,0.0,0.0015101010050402707,0.08747176177195488,0.21105444303568738,0.23529596862784843,0.23280157539827273,0.23253877587614552,0.24579494586539075,0.2526843622283857,0.21558411684205603,0.08424916427994873,0.008371832182942698,0.0,0.0,0,0,0,0,0
Spring,0,0,0,0.0,0.011883918134977503,0.103363267751246,0.2621737215891208,0.3965365315344592,0.4478159961493648,0.4555552638001959,0.45639001407798235,0.4479240103184751,0.4482100381303676,0.4407227161506896,0.4333253185884992,0.3901560926178506,0.2641090628424555,0.08795473192325436,0.0023844390001460515,0,0,0,0,0
Summer,0,0,0,2.079281795733131e-05,0.037797738957982385,0.20450346383695422,0.37988478408044307,0.4602132618386418,0.4996738717580653,0.5096419486868098,0.5021681782002265,0.4954484939115627,0.4949372678273854,0.4920725719880103,0.4813296160433893,0.4533621669404876,0.38150301979266893,0.20973022379628178,0.03770042856994207,0,0,0,0,0
Fall,0,0,0,0.0,0.0,0.016557164141123574,0.17750573722504356,0.3596037012336523,0.40583952476410085,0.39305689109274766,0.3727785760768066,0.36178317032535307,0.3724539490586125,0.3809440724869499,0.36342409861464137,0.26671925197178725,0.0968946407582417,0.0037761120873986277,0.0,0,0,0,0,0
Summer Peak,0,0,0,0.0,0.007694174356930877,0.11531613667864116,0.18847109224156072,0.29582773820613545,0.32327592133524935,0.34893924897090595,0.4289924298193498,0.4342505176243997,0.4598173665847344,0.4814768291945272,0.3609749637173276,0.3018576554137615,0.24040073923363653,0.07305847688759758,0.007332379324473312,0,0,0,0,0
Winter Peak,0,0,0,0.0,0.0,0.0,0.0,0.09418730678311936,0.41825917718977534,0.4994701021420834,0.43950860542944964,0.3915104644567461,0.4221906832091476,0.4494941483252784,0.4670532672338856,0.192836752299882,0.0,0.0,0.0,0,0,0,0,0
