solar pv,Hour0,Hour1,Hour2,Hour3,Hour4,Hour5,Hour6,Hour7,Hour8,Hour9,Hour10,Hour11,Hour12,Hour13,Hour14,Hour15,Hour16,Hour17,Hour18,Hour19,Hour20,Hour21,Hour22,Hour23
Winter,0,0,0,0.0,0.0,0.0,0.0007914406526862138,0.04584376011759744,0.1106131746094926,0.12331810545367668,0.12201079938667699,0.12187306672864699,0.1288205965914775,0.13243132472473265,0.1129871668006126,0.04415480378030245,0.004387659040642069,0.0,0.0,0,0,0,0,0
Spring,0,0,0,0.0,0.0062283356502800995,0.054172463841678224,0.13740467732894068,0.20782393381904316,0.23469938970494808,0.23875552304996478,0.23919301385519984,0.2347559996960776,0.23490590625025842,0.23098181708358037,0.22710485710854664,0.20447995965855276,0.13841898547097717,0.04609688372356592,0.0012496792944758873,0,0,0,0,0
Summer,0,0,0,1.0897470672762759e-05,0.019809712788166088,0.10717982065801908,0.19909678919137563,0.24119676969204648,0.2618779895348157,0.2671022369753381,0.26318525011672017,0.2596634781945013,0.2593955457155604,0.2578941648560715,0.2522638050084775,0.23760612575517565,0.1999449030089345,0.10991915418593369,0.01975871262541755,0,0,0,0,0
Fall,0,0,0,0.0,0.0,0.00867757371907329,0.09303037085336528,0.18846751777716372,0.21269961233924034,0.20600026183080547,0.19537244103072257,0.18960977278837673,0.19520230471646177,0.1996519599415642,0.1904697797362239,0.13978697991721467,0.050782270502133714,0.0019790521329978014,0.0,0,0,0,0,0
Summer Peak,0,0,0,0.0,0.0040325000477491315,0.060436936452315355,0.0987772895708831,0.15504267424966486,0.16942820733536554,0.18287830153851622,0.2248339995274798,0.227589751911208,0.24098928185043714,0.25234095910084064,0.18918619346273824,0.15820294074476607,0.12599350462669465,0.03828978885464614,0.0038428840580430586,0,0,0,0,0
Winter Peak,0,0,0,0.0,0.0,0.0,0.0,0.04936336265348075,0.21920872516619963,0.2617711943222226,0.23034550429493625,0.2051897829939307,0.22126921892100562,0.23557890561082384,0.24478160164455856,0.10106532251333637,0.0,0.0,0.0,0,0,0,0,0
