hydrogen CT,Hour0,Hour1,Hour2,Hour3,Hour4,Hour5,Hour6,Hour7,Hour8,Hour9,Hour10,Hour11,Hour12,Hour13,Hour14,Hour15,Hour16,Hour17,Hour18,Hour19,Hour20,Hour21,Hour22,Hour23
Winter,0.0,0.0,0.0,0.0,0.0,0.0,0.0,0.0,0.0,0.0,0.0,0.0,0.0,0.0,0.0,0.0,0.02199211496611279,0.09350339964983354,0.06903566955638779,0.0029151140681076917,0.0,0.0,0.0,0.0
Spring,0.0,0.0,0.0,0.0,0.0,0.0,0.0,0.0,0.0,0.0,0.0,0.0,0.0,0.0,0.0,0.007948750374168792,0.024047974269151052,0.05934094096828172,0.06607935246258248,0.021623004527571484,0.0,0.0,0.0,0.0
Summer,0.14769212721367433,0.14769212721367433,0.14769212721367433,0.14769212721367433,0.14769212721367433,0.14769212721367433,0.14769212721367433,0.14769212721367433,0.14769212721367433,0.15567106946012155,0.21473248894420452,0.3467345118655194,0.5489539497440498,0.653106831809733,0.7923434587929571,0.8922209349450153,0.95,0.95,0.95,0.6538466313468041,0.2943812133372094,0.13837882261201917,0.13837882261201917,0.13837882261201917
Fall,0.0,0.0,0.0,0.0,0.0,0.0,0.0,0.0,0.0,0.0,0.0,0.0,0.001831902283237074,0.022448894410834534,0.02611269897730868,0.07800149297882242,0.13125612225158356,0.13526947707704992,0.09556963006965427,0.02428079669407161,0.0,0.0,0.0,0.0
Summer Peak,0.0,0.0,0.0,0.0,0.0,0.0,0.0,0.0,0.0,0.0,0.95,0.95,0.95,0.95,0.95,0.95,0.95,0.95,0.95,0.95,0.95,0.7150956789098332,0.7150956789098332,0.7150956789098332
Winter Peak,0.0,0.0,0.0,0.0,0.0,0.0,0.0,0.0,0.0,0.0,0.0,0.0,0.0,0.0,0.0,0.0,0.0,0.0,0.0,0.0,0.0,0.0,0.0,0.0
