Unit: dimensionless (ratio of electricity demand in this hour to annual demand),Hour0,Hour1,Hour2,Hour3,Hour4,Hour5,Hour6,Hour7,Hour8,Hour9,Hour10,Hour11,Hour12,Hour13,Hour14,Hour15,Hour16,Hour17,Hour18,Hour19,Hour20,Hour21,Hour22,Hour23
Winter,0.0,0.0,0.0,0.0,0.0,0.0,0.0,0.0,0.0,0.0,0.0,0.0,0.0,0.0,0.0,0.0,0.02200699383650361,0.11246995354839913,0.08366474660390862,0.0037248679759153834,0.0,0.0,0.0,0.0
Spring,0.0,0.0,0.0,0.0,0.0,0.0,0.0,0.0,0.0,0.0,0.0,0.0,0.0,0.0,0.0,0.007948750374168792,0.024047974269151052,0.05934094096828172,0.06607935246258248,0.021623004527571484,0.0,0.0,0.0,0.0
Summer,0.1764605415138098,0.1764605415138098,0.1764605415138098,0.1764605415138098,0.1764605415138098,0.1764605415138098,0.1764605415138098,0.1764605415138098,0.1764605415138098,0.18481273818126795,0.3484874657832805,0.4992862478547818,0.7137007848106947,0.8304469829358376,0.95,0.95,0.95,0.95,0.95,0.8013602219824135,0.4091288772501438,0.1909416882537912,0.1764605415138098,0.1764605415138098
Fall,0.0,0.0,0.0,0.0,0.0,0.0,0.0,0.0,0.0,0.0,0.0,0.0,0.001831902283237074,0.022448894410834534,0.02611269897730868,0.07800149297882242,0.13125612225158356,0.13526947707704992,0.09556963006965427,0.02428079669407161,0.0,0.0,0.0,0.0
Summer Peak,0.0,0.0,0.0,0.0,0.0,0.0,0.0,0.0,0.0,0.0,0.95,0.95,0.95,0.95,0.95,0.95,0.95,0.95,0.95,0.95,0.95,0.7150956789098332,0.7150956789098332,0.7150956789098332
Winter Peak,0.0,0.0,0.0,0.0,0.0,0.0,0.0,0.0,0.0,0.0,0.0,0.0,0.0,0.0,0.0,0.0,0.0,0.0,0.0,0.0,0.0,0.0,0.0,0.0
