Unit: dimensionless (ratio of electricity demand in this hour to annual demand),Hour0,Hour1,Hour2,Hour3,Hour4,Hour5,Hour6,Hour7,Hour8,Hour9,Hour10,Hour11,Hour12,Hour13,Hour14,Hour15,Hour16,Hour17,Hour18,Hour19,Hour20,Hour21,Hour22,Hour23
Winter,0,0,0,0.0,0.0,0.0,0.002309218446721211,0.140924055920002,0.3404216112626226,0.3780994324463774,0.3706791602171936,0.36799925063266253,0.38858473993267967,0.4014698656052677,0.3474616717033981,0.1424409105427384,0.013170438072774626,0.0,0.0,0,0,0,0,0
Spring,0,0,0,0.0,0.018158270868251287,0.15793597636208062,0.40059359186773524,0.6058959399566084,0.684249425556257,0.6960747946583938,0.6973502680737468,0.6844144679705548,0.6848515098977379,0.6734111062328348,0.6621081043837188,0.5961468204498768,0.4035507353200382,0.13439219525639257,0.003643351354469444,0,0,0,0,0
Summer,0,0,0,3.0044128816405536e-05,0.05757817081729645,0.3143445092151353,0.5813907467287954,0.7034356062184136,0.7627851788707254,0.7781172986883133,0.7688276540582805,0.7588397838745546,0.759099365147529,0.7540623668043619,0.7358640370976892,0.6930591653019955,0.5839657288625534,0.32202178559868744,0.05893336132110844,0,0,0,0,0
Fall,0,0,0,0.0,0.0,0.02529885075526803,0.2712234484108619,0.5494636817639715,0.6201106348939748,0.6005791536116443,0.5695944958052749,0.5527938452392317,0.5690984754472945,0.582071129681834,0.5553011345030793,0.40753902610843323,0.1480521081167297,0.0057697861372882865,0.0,0,0,0,0,0
Summer Peak,0,0,0,0.0,0.011756467900051595,0.17619960197538145,0.2879781823542419,0.45201592098474236,0.4939559224589076,0.5331687182133117,0.6554875801577357,0.6635217807916267,0.7025871600206384,0.7356821699712538,0.5515589297560256,0.4612294538217734,0.36732512714675314,0.11163116385346797,0.011203655929829732,0,0,0,0,0
Winter Peak,0,0,0,0.0,0.0,0.0,0.0,0.1439153829144247,0.6390874917078204,0.7631753519569544,0.6715559814255178,0.5982162600427507,0.6450947151175647,0.6868135918036411,0.7136433994250756,0.29464878012825235,0.0,0.0,0.0,0,0,0,0,0
