solar pv dist,Hour0,Hour1,Hour2,Hour3,Hour4,Hour5,Hour6,Hour7,Hour8,Hour9,Hour10,Hour11,Hour12,Hour13,Hour14,Hour15,Hour16,Hour17,Hour18,Hour19,Hour20,Hour21,Hour22,Hour23
Winter,0,0,0,0.0,0.0,0.0,0.020375722543352594,0.1333312390047751,0.22883890424729827,0.24299447097260612,0.23965192259361645,0.2416938929379241,0.2528838904247297,0.3960856999246039,0.3002513194269916,0.10486931389796426,0.009305101784367931,0.0,0.0,0,0,0,0,0
Spring,0,0,0,0.0,0.005159901985423474,0.024197348580045238,0.2865355616989193,0.38835134455893433,0.43100496355868295,0.4364318924352853,0.42653618999748677,0.42554661975370706,0.4231747926614727,0.47945463684342793,0.4576605302839911,0.3842988187986932,0.23348360140738886,0.12310725056546871,0.005128487057049509,0,0,0,0,0
Summer,0,0,0,0.0001245764401036476,0.012549000066440767,0.04199056541093615,0.3763537306491265,0.4353946581622484,0.4607833366553719,0.46695402298850586,0.4600109627267291,0.46272672912098867,0.4525612916085309,0.4866952361969306,0.47397182911434466,0.4374044913959205,0.3339728257258654,0.1771809182114146,0.02562122118131685,0,0,0,0,0
Fall,0,0,0,0.0,0.0,0.0,0.21605230740073908,0.35919880602672233,0.39431915095233583,0.38490239742253374,0.37436037145835305,0.3717189424808111,0.36798777598787064,0.4270823462522505,0.3848076376385863,0.25241637449066606,0.08355443949587793,0.021569695821093526,0.0,0,0,0,0,0
Summer Peak,0,0,0,0.0,0.0072254335260115606,0.028179190751445087,0.18930635838150286,0.2984104046242774,0.3742774566473988,0.3815028901734104,0.40823699421965315,0.4371387283236994,0.4812138728323699,0.48410404624277453,0.3865606936416185,0.24205202312138727,0.1452312138728324,0.04841040462427745,0.0036127167630057803,0,0,0,0,0
Winter Peak,0,0,0,0.0,0.0,0.0,0.0,0.16835260115606937,0.46459537572254334,0.47976878612716767,0.42919075144508667,0.398121387283237,0.4342485549132948,0.7485549132947976,0.6676300578034682,0.21026011560693642,0.0,0.0,0.0,0,0,0,0,0
