Unit: dimensionless (ratio of electricity demand in this hour to annual demand),Hour0,Hour1,Hour2,Hour3,Hour4,Hour5,Hour6,Hour7,Hour8,Hour9,Hour10,Hour11,Hour12,Hour13,Hour14,Hour15,Hour16,Hour17,Hour18,Hour19,Hour20,Hour21,Hour22,Hour23
Winter,0,0,0,0.0,0.0,0.0,0.020923651252408474,0.1391859344894027,0.2401613680154142,0.2541305394990365,0.24898241811175328,0.24960260115606928,0.2615004816955684,0.41248193641618475,0.3177504816955683,0.11546242774566469,0.010290221579961465,0.0,0.0,0,0,0,0,0
Spring,0,0,0,0.0,0.005159901985423474,0.024197348580045238,0.2865355616989193,0.38835134455893433,0.43100496355868295,0.4364318924352853,0.42653618999748677,0.42554661975370706,0.4231747926614727,0.47945463684342793,0.4576605302839911,0.3842988187986932,0.23348360140738886,0.12310725056546871,0.005128487057049509,0,0,0,0,0
Summer,0,0,0,0.00011780598140236241,0.012605240010052775,0.042166687609952236,0.37558117617491843,0.43522241769288766,0.46114758733350103,0.4669200804222168,0.4605271424981152,0.4638885398341292,0.4550138225684845,0.4884707212867555,0.4740826840914804,0.43633764765016325,0.3328333123900477,0.17646550640864542,0.02577594873083689,0,0,0,0,0
Fall,0,0,0,0.0,0.0,0.0,0.21605230740073908,0.35919880602672233,0.39431915095233583,0.38490239742253374,0.37436037145835305,0.3717189424808111,0.36798777598787064,0.4270823462522505,0.3848076376385863,0.25241637449066606,0.08355443949587793,0.021569695821093526,0.0,0,0,0,0,0
Summer Peak,0,0,0,0.0,0.0072254335260115606,0.028179190751445087,0.18930635838150286,0.2984104046242774,0.3742774566473988,0.3815028901734104,0.40823699421965315,0.4371387283236994,0.4812138728323699,0.48410404624277453,0.3865606936416185,0.24205202312138727,0.1452312138728324,0.04841040462427745,0.0036127167630057803,0,0,0,0,0
Winter Peak,0,0,0,0.0,0.0,0.0,0.0,0.16835260115606937,0.46459537572254334,0.47976878612716767,0.42919075144508667,0.398121387283237,0.4342485549132948,0.7485549132947976,0.6676300578034682,0.21026011560693642,0.0,0.0,0.0,0,0,0,0,0
