solar pv,Hour0,Hour1,Hour2,Hour3,Hour4,Hour5,Hour6,Hour7,Hour8,Hour9,Hour10,Hour11,Hour12,Hour13,Hour14,Hour15,Hour16,Hour17,Hour18,Hour19,Hour20,Hour21,Hour22,Hour23
Winter,0,0,0,0.0,0.0,0.0,0.0023073890930999457,0.13365423133498486,0.32248486577084434,0.35952519059995336,0.35571383247714233,0.3553122826808014,0.3755673132697305,0.3860941350655844,0.329406071638022,0.128730198916168,0.012791908755580195,0.0,0.0,0,0,0,0,0
Spring,0,0,0,0.0,0.018158270868251287,0.15793597636208062,0.40059359186773524,0.6058959399566084,0.684249425556257,0.6960747946583938,0.6973502680737468,0.6844144679705548,0.6848515098977379,0.6734111062328348,0.6621081043837188,0.5961468204498768,0.4035507353200382,0.13439219525639257,0.003643351354469444,0,0,0,0,0
Summer,0,0,0,3.17708028863139e-05,0.05775381270815172,0.3124751658224105,0.580452568732955,0.7031920761075936,0.7634867058252404,0.7787176287289389,0.7672979313394821,0.757030455068036,0.7562493169277382,0.751872147511414,0.7354572326868187,0.6927238083619058,0.5829251844189205,0.32046149844661953,0.05760512535064375,0,0,0,0,0
Fall,0,0,0,0.0,0.0,0.02529885075526803,0.2712234484108619,0.5494636817639715,0.6201106348939748,0.6005791536116443,0.5695944958052749,0.5527938452392317,0.5690984754472945,0.582071129681834,0.5553011345030793,0.40753902610843323,0.1480521081167297,0.0057697861372882865,0.0,0,0,0,0,0
Summer Peak,0,0,0,0.0,0.054522001916414826,0.3468710842485443,0.5977150438564162,0.7076730301466795,0.7505786098621654,0.7676715559814254,0.7954448293653719,0.7903221051079826,0.8086902041718875,0.7921721825016584,0.7429424338468343,0.6988943760595564,0.6020712021817645,0.34917078204466717,0.08204466720719393,0,0,0,0,0
Winter Peak,0,0,0,0.0,0.0,0.0,0.0023512935800103192,0.30813002137539625,0.7529667575735239,0.8053069949141298,0.7148816982383726,0.6597995135254662,0.6879855531805115,0.7551116680179848,0.7627404732070464,0.45778727795385865,0.02187661236824648,0.0,0.0,0,0,0,0,0
