solar pv,Hour0,Hour1,Hour2,Hour3,Hour4,Hour5,Hour6,Hour7,Hour8,Hour9,Hour10,Hour11,Hour12,Hour13,Hour14,Hour15,Hour16,Hour17,Hour18,Hour19,Hour20,Hour21,Hour22,Hour23
Winter,0,0,0,0.0,0.0,0.0,0.0015123647591732837,0.08760288847246848,0.21137082940065113,0.23564869484926326,0.23315056233803425,0.23288736885980585,0.24616341083741536,0.25306315494982157,0.21590729352618795,0.08437546006626043,0.008384382184327886,0.0,0.0,0,0,0,0,0
Spring,0,0,0,0.0,0.011901733015376,0.10351821700549631,0.2625667395686028,0.39713096939600334,0.44848730575629103,0.45623817514705384,0.45707417677781936,0.4485954818467039,0.4488819384356379,0.44138339240139657,0.4339749055880574,0.3907409657251699,0.26450498204294626,0.08808658263207765,0.0023880134522015644,0,0,0,0,0
Summer,0,0,0,2.082398794359765e-05,0.03785440059021698,0.2048100297950797,0.3804542597295292,0.460903155872271,0.5004229201916307,0.5104059400117913,0.5029209657853444,0.49619120818831897,0.4956792157380793,0.4928102255057964,0.4820511650682711,0.4540417906714419,0.38207492129788617,0.21004462505775498,0.03775694432664093,0,0,0,0,0
Fall,0,0,0,0.0,0.0,0.01658198456613511,0.17777183157564364,0.36014277402560296,0.4064479085069488,0.39364611271352046,0.373337398989629,0.3623255103041658,0.37301228533130176,0.38151513608843146,0.36396889846745223,0.26711908404062906,0.09703989305775754,0.0037817727612979484,0.0,0,0,0,0,0
Summer Peak,0,0,0,0.0,0.007705708498648875,0.11548900417567484,0.18875362447787558,0.29627120606874124,0.3237605360733256,0.3494623349528316,0.4296355214952003,0.43490149156637725,0.460506667141825,0.4821985989029118,0.36151609213410363,0.3023101625723845,0.24076111788725185,0.07316799699814246,0.007343371108430275,0,0,0,0,0
Winter Peak,0,0,0,0.0,0.0,0.0,0.0,0.09432850058690866,0.4188861789187152,0.5002188451097834,0.4401674616375542,0.3920973678685534,0.42282357855909064,0.45016797360758753,0.467753414946197,0.19312582898651334,0.0,0.0,0.0,0,0,0,0,0
